{
  "Add" : {
    "transaction" : "Add",
    "sampleCount" : 10,
    "errorCount" : 0,
    "errorPct" : 0.0,
    "meanResTime" : 1241.5,
    "medianResTime" : 716.0,
    "minResTime" : 562.0,
    "maxResTime" : 3584.0,
    "pct1ResTime" : 3583.4,
    "pct2ResTime" : 3584.0,
    "pct3ResTime" : 3584.0,
    "throughput" : 2.3299161230195713,
    "receivedKBytesPerSec" : 1.333330906337372,
    "sentKBytesPerSec" : 0.9852086731127679
  },
  "Divide" : {
    "transaction" : "Divide",
    "sampleCount" : 10,
    "errorCount" : 0,
    "errorPct" : 0.0,
    "meanResTime" : 281.6,
    "medianResTime" : 281.0,
    "minResTime" : 278.0,
    "maxResTime" : 288.0,
    "pct1ResTime" : 287.6,
    "pct2ResTime" : 288.0,
    "pct3ResTime" : 288.0,
    "throughput" : 3.0284675953967293,
    "receivedKBytesPerSec" : 1.7685777559055118,
    "sentKBytesPerSec" : 1.310167133555421
  },
  "Total" : {
    "transaction" : "Total",
    "sampleCount" : 40,
    "errorCount" : 0,
    "errorPct" : 0.0,
    "meanResTime" : 521.75,
    "medianResTime" : 283.0,
    "minResTime" : 277.0,
    "maxResTime" : 3584.0,
    "pct1ResTime" : 780.4,
    "pct2ResTime" : 3438.199999999988,
    "pct3ResTime" : 3584.0,
    "throughput" : 7.744433688286544,
    "receivedKBytesPerSec" : 4.532081921587609,
    "sentKBytesPerSec" : 3.3503751210067763
  },
  "Subtract" : {
    "transaction" : "Subtract",
    "sampleCount" : 10,
    "errorCount" : 0,
    "errorPct" : 0.0,
    "meanResTime" : 280.70000000000005,
    "medianResTime" : 278.5,
    "minResTime" : 277.0,
    "maxResTime" : 288.0,
    "pct1ResTime" : 287.7,
    "pct2ResTime" : 288.0,
    "pct3ResTime" : 288.0,
    "throughput" : 3.048780487804878,
    "receivedKBytesPerSec" : 1.8042587652439026,
    "sentKBytesPerSec" : 1.3338414634146343
  },
  "Multipy" : {
    "transaction" : "Multipy",
    "sampleCount" : 10,
    "errorCount" : 0,
    "errorPct" : 0.0,
    "meanResTime" : 283.2,
    "medianResTime" : 283.0,
    "minResTime" : 278.0,
    "maxResTime" : 289.0,
    "pct1ResTime" : 289.0,
    "pct2ResTime" : 289.0,
    "pct3ResTime" : 289.0,
    "throughput" : 3.037667071688943,
    "receivedKBytesPerSec" : 1.8006483520656138,
    "sentKBytesPerSec" : 1.3289793438639126
  }
}